model,n_antennas,snap_n_samples,snap_n_samples_outside_grid,snap_unique_cells,snap_occupied_fraction_full,snap_occupied_fraction_annulus,snap_annulus_cells,snap_density_uniformity,snap_angular_uniformity,snap_uv_radius_min_lambda,snap_uv_radius_max_lambda,snap_uv_max_lambda,snap_n_cells,snap_cell_size_lambda,snap_total_cells,rot_n_samples,rot_n_samples_outside_grid,rot_unique_cells,rot_occupied_fraction_full,rot_occupied_fraction_annulus,rot_annulus_cells,rot_density_uniformity,rot_angular_uniformity,rot_uv_radius_min_lambda,rot_uv_radius_max_lambda,rot_uv_max_lambda,rot_n_cells,rot_cell_size_lambda,rot_total_cells,rot_red_n_samples,rot_red_unique_cells,rot_red_redundant_samples,rot_red_redundancy_fraction,rot_red_mean_multiplicity,rot_red_max_multiplicity,n_baselines,d_min_m,d_max_m,d_mean_m,d_median_m,dynamic_range,log_spacing_uniformity,powerlaw_alpha,powerlaw_intercept,powerlaw_r_squared,powerlaw_n_bins_used,psf_peak,psf_main_lobe_radius_px,psf_peak_sidelobe_level,psf_sidelobe_rms,psf_min_value,psf_fwhm_px,psf_ellipticity,psf_fwhm_arcsec,psf_pixel_scale_arcsec,sep_valid,sep_violations,sep_min_m,sep_d_min_m,experiment,label
golden,10,90,0,88,0.0013427734375,0.0022361835800234265,37564,0.9981386958695595,0.8670489122034029,84542.07333541942,1571371.729418449,1836296.9611078056,256,14346.070008654731,65536,3690,0,2092,0.03192138671875,0.05544912728820775,37584,0.9711242437262405,0.9854231602661597,76980.66899167445,1571344.441899761,1836316.208764395,256,14346.220380971836,65536,3690,2092,1598,0.43306233062330624,1.7638623326959848,18,45,84.48358656547215,1570.2846439802258,667.1463692503302,595.2630239043663,18.586860570405637,0.9056640514141997,0.48689282352315016,-0.9219699070088847,0.4826624226164401,17,1.0,2,0.23084831920933047,0.020965898453853868,-0.14088704414161,1.6596928417167423,1.0,0.09321276498908238,0.05616266012972953,True,0,84.48358656547215,9.0,A,N10
fibonacci_radial,10,90,0,88,0.0013427734375,0.002505124117513095,35128,0.9981386958695595,0.8790335935227592,43785.17752477814,1517586.9385057436,1836296.9611078056,256,14346.070008654731,65536,3690,0,1492,0.02276611328125,0.04234972677595628,35136,0.9415751064309116,0.9808294452312739,38828.07433829721,1517526.0573114003,1836316.208764395,256,14346.220380971836,65536,3690,1492,2198,0.5956639566395664,2.473190348525469,54,45,43.75488664706531,1516.5370617444391,465.2986797187045,366.7742494668723,34.659832945679796,0.9165671622839248,0.05304989253955307,0.14852329864183184,0.007140282252566799,19,1.0,3,0.3662447126689651,0.02461774120227212,-0.2313865104042245,2.033060463325768,1.0,0.11418208382495554,0.05616266012972953,True,0,43.75488664706531,9.0,A,N10
fibonacci_golden_angle,10,90,0,90,0.001373291015625,0.0018115942028985507,48576,1.0,0.9117426021847757,248871.5679726627,1801363.9524191828,1836296.9611078056,256,14346.070008654731,65536,3690,0,2738,0.041778564453125,0.0561479780165696,48764,0.987886886479179,0.9944072044435048,223389.90051543806,1801348.023511913,1836316.208764395,256,14346.220380971836,65536,3690,2738,952,0.25799457994579944,1.3476990504017532,6,45,248.69939696279542,1800.1177568278063,927.0630685476864,867.6278633170666,7.23812674582841,0.8856105812228963,0.5435323006312708,-1.183231348215821,0.2712892116063015,16,1.0,2,0.24969979330011893,0.01840576653089338,-0.1628055031996335,1.3109704889175045,0.0,0.07362759000917915,0.05616266012972953,True,0,248.69939696279542,9.0,A,N10
fibonacci_rational,10,90,0,88,0.0013427734375,0.0025034137460172965,35152,0.9981386958695595,0.8504278829082298,43694.92215839833,1518258.2023601036,1836296.9611078056,256,14346.070008654731,65536,3690,0,1522,0.023223876953125,0.04323094425483504,35160,0.9406371903208749,0.9803219153208733,38845.0538093064,1518166.1098943707,1836316.208764395,256,14346.220380971836,65536,3690,1522,2168,0.5875338753387533,2.4244415243101183,54,45,43.66469371994967,1517.2078612139894,465.3025058181057,366.93696843621103,34.746788124630825,0.9176066841447756,0.01440944033401223,0.25228669750985355,0.0005135797025335176,19,1.0,3,0.361740995844506,0.024347696309578042,-0.23315262254833388,2.027201635762901,1.0,0.11385303648378355,0.05616266012972953,True,0,43.66469371994967,9.0,A,N10
random,10,90,0,90,0.001373291015625,0.0023409236007661204,37592,1.0,0.8601622278868368,73028.9616438427,1570981.5125327474,1836296.9611078056,256,14346.070008654731,65536,3690,0,2536,0.0386962890625,0.06717370492500797,37604,0.9844397769454444,0.9874121675947256,64685.10510734911,1570979.9792924197,1836316.208764395,256,14346.220380971836,65536,3690,2536,1154,0.31273712737127374,1.4550473186119874,15,45,72.97843972131774,1569.894697049167,852.0604361320784,806.7336482637198,21.51176022732348,0.7634399276990841,0.6065418951626308,-1.1389150948041487,0.6845810242474818,11,1.0,2,0.24872088135146928,0.019115347762521807,-0.15911704520492995,1.4036295722347152,0.0,0.07883157061345596,0.05616266012972953,True,0,72.97843972131774,9.0,A,N10
rings,10,90,0,86,0.001312255859375,0.0016580853477615848,45836,0.9963741694202279,0.7137957916630236,28303.852040996208,1733249.8813918238,1836296.9611078056,256,14346.070008654731,65536,3690,0,1898,0.028961181640625,0.04097216161968758,45836,0.9450269656084594,0.9788653870977084,25628.194916290926,1733243.9691980286,1836316.208764395,256,14346.220380971836,65536,3690,1898,1792,0.4856368563685637,1.9441517386722866,54,45,28.2842712474619,1732.0508075688776,797.5417613782801,866.0831368869851,61.23724356957947,0.6109084843178859,0.2977919517267609,0.0015944034924915234,0.6561620307446183,7,1.0,2,0.41487152075786277,0.022399352431592898,-0.1756234506249862,1.3104806781471416,0.0,0.07360008093335539,0.05616266012972953,True,0,28.2842712474619,9.0,A,N10
golden,20,380,0,372,0.00567626953125,0.009970895763716719,37108,0.9986639824615818,0.9792288520144706,37001.22626220732,1733915.6696023652,2041412.2626126907,256,15948.533301661646,65536,15580,0,6872,0.1048583984375,0.18502748733426755,37108,0.9681220895442944,0.9978397162338903,36150.27827942416,1733852.297943232,2041412.2626126907,256,15948.533301661646,65536,15580,6872,8708,0.5589216944801026,2.2671711292200234,32,190,36.975628567204275,1732.7161351826965,630.6443425930314,596.7607503081193,46.86103258619214,0.8550594606321059,0.8178917125969887,-1.2008464802116292,0.6121998424707051,18,1.0,3,0.09013151575431,0.009760446407178658,-0.09013151575431,2.0185480030727185,0.06545180731078948,0.10197729786863025,0.050520125215449976,True,0,36.975628567204275,9.0,B,N20
fibonacci_radial,20,380,0,250,0.003814697265625,0.008733929569591951,28624,0.9636768481821725,0.9534185222378612,9139.114582779815,1522255.2299263855,2041412.2626126907,256,15948.533301661646,65536,15580,0,1813,0.0276641845703125,0.062762091137825,28616,0.8410841811796096,0.9916074494223456,8680.733097690687,1521982.6501451104,2041412.2626126907,256,15948.533301661646,65536,15580,1813,13767,0.8836328626444159,8.593491450634307,313,190,9.132792082384018,1521.2021236099538,265.17911725642057,103.03144033082499,166.56484784583645,0.9288133748246409,0.07401525386979954,0.7649969977427681,0.024183559805421972,19,1.0,3,0.3857952107610735,0.021455776004865913,-0.17450413905872098,2.5941285247633314,0.47851502403464696,0.13105569789601404,0.050520125215449976,True,0,9.132792082384018,9.0,B,N20
fibonacci_golden_angle,20,380,0,374,0.005706787109375,0.008754681647940075,42720,0.9989917040668334,0.984837988666193,172177.5002192582,1867613.8981504315,2041412.2626126907,256,15948.533301661646,65536,15580,0,9018,0.137603759765625,0.21341868183973448,42180,0.9799499301219102,0.9980744208799038,154259.76995663613,1854020.9647220166,2041412.2626126907,256,15948.533301661646,65536,15580,9018,6562,0.42118100128369707,1.727655799512087,11,190,172.05838667675647,1866.3218704049316,907.0688780766694,875.9519498322109,10.847026445221545,0.8839903822881606,1.043896277049448,-2.02074739682213,0.5165508844383162,17,1.0,2,0.1238739315634235,0.009025146492638983,-0.1238739315634235,1.4205908491848032,0.0,0.07176842758073868,0.050520125215449976,True,0,172.05838667675647,9.0,B,N20
fibonacci_rational,20,380,0,250,0.003814697265625,0.008656799776598716,28648,0.9629372272981508,0.937802253496974,9504.266327145955,1522930.0529238363,2041412.2626126907,256,15948.533301661646,65536,15580,0,1785,0.0272369384765625,0.061784417760402124,28648,0.8420981883532351,0.9916246187539947,9063.759207765332,1522929.1623767312,2041412.2626126907,256,15948.533301661646,65536,15580,1785,13795,0.8854300385109114,8.72829131652661,322,190,9.497691212339058,1521.8764797603565,265.1813356005735,103.28416548364243,160.23646649863593,0.924562456569134,0.07329141304645374,0.7593257725365407,0.022810341599977635,19,1.0,3,0.38562785492437085,0.021668324022316315,-0.17223920110302077,2.5942314134553808,0.4703167773456003,0.1310608958456196,0.050520125215449976,True,0,9.497691212339058,9.0,B,N20
random,20,380,0,380,0.00579833984375,0.008090753424657534,46720,1.0,0.9733828824000194,65118.10251819325,1946230.4024235778,2041412.2626126907,256,15948.533301661646,65536,15580,0,9266,0.141387939453125,0.19827069600205463,46724,0.9804235429116624,0.9988703242642711,57678.12201203141,1946229.1427624843,2041412.2626126907,256,15948.533301661646,65536,15580,9266,6314,0.4052631578947368,1.6814159292035398,23,190,65.07305338075048,1944.8839872563117,920.1875661931117,906.4034062086521,29.88770137888805,0.8244093205436007,1.1253945004111978,-2.1592423400897234,0.7991524002105667,18,1.0,2,0.17782505428970183,0.008935933152116054,-0.17782505428970183,1.376593489411217,0.0,0.06954567545582789,0.050520125215449976,True,0,65.07305338075048,9.0,B,N20
rings,20,380,0,322,0.004913330078125,0.006345998383185125,49480,0.9906080320842112,0.9283432904658063,17367.364423192717,2001384.5711889125,2041412.2626126907,256,15948.533301661646,65536,15580,0,5116,0.07806396484375,0.102659445477326,49484,0.9331974651094251,0.9944274542876871,15426.54150421159,2001384.5711889125,2041412.2626126907,256,15948.533301661646,65536,15580,5116,10464,0.6716302952503209,3.0453479280688036,94,190,17.355349564702323,2000.0000000000002,791.7334553658417,797.4681121173904,115.23824354812436,0.625472559317886,0.2326629769901543,0.5124420565012467,0.18666275685527012,10,1.0,2,0.15939356122388443,0.01289342492610628,-0.12316644994908088,1.4245453547827729,0.0,0.0719682096987133,0.050520125215449976,True,0,17.355349564702323,9.0,B,N20
golden,50,2450,0,2240,0.0341796875,0.06050129645635264,37024,0.9956234300955579,0.9969898265079288,12929.0087037029,1730961.2749094788,2041412.2626126907,256,15948.533301661646,65536,100450,0,19256,0.2938232421875,0.52009507346586,37024,0.9506489104271552,0.9995255455652289,11993.801373464312,1730951.8607189185,2041412.2626126907,256,15948.533301661646,65536,100450,19256,81194,0.8083026381284221,5.216555878687163,95,1225,12.920064329288286,1729.7637843597545,605.4383298488151,566.4439267948239,133.88197924360026,0.7969325778978358,1.1276693577318664,-1.1197417584840532,0.8398044565940317,20,1.0,2,0.08466401449007385,0.00363124832169527,-0.08466401449007385,1.6991642766862367,0.04536275726653749,0.08584199201980816,0.050520125215449976,True,0,12.920064329288286,9.0,C,N50
fibonacci_radial,50,2450,0,277,0.0042266845703125,0.009642258244829513,28624,0.7983194020300916,0.9848763637039756,1830.4164958497597,1522293.133743615,2041412.2626126907,256,15948.533301661646,65536,100450,0,1787,0.0272674560546875,0.06218976031768544,28204,0.6446365066782468,0.9976499486394658,1740.418672392719,1511983.6111138551,2041412.2626126907,256,15948.533301661646,65536,100450,1787,98663,0.9822100547536088,56.21152770005596,7388,1225,1.829150201515154,1521.2400012050698,124.61137107704151,37.28258213787843,831.6648900374444,0.844237413230983,-0.00890634604929105,1.5710617910569855,0.00022972958552047729,20,1.0,3,0.4078443324621644,0.02164655668625811,-0.15918738149632497,2.5947166555723578,0.4014844878255457,0.1310854103381291,0.050520125215449976,False,91,1.829150201515154,9.0,C,N50
fibonacci_golden_angle,50,2450,0,2324,0.03546142578125,0.04961505560307956,46760,0.9973931878779219,0.9974397394220762,115777.58310645411,1948919.1202256214,2041412.2626126907,256,15948.533301661646,65536,100450,0,29766,0.454193115234375,0.6365542622389593,46736,0.9684292650923001,0.9996288660350989,103448.86736330682,1947848.6205794464,2041412.2626126907,256,15948.533301661646,65536,100450,29766,70684,0.7036734693877551,3.37465564738292,45,1225,115.6974874026105,1947.570844985455,899.1915271425175,869.1848835282586,16.833302854781888,0.8699695438601792,1.634935551632547,-2.909033510828287,0.650906601653398,19,1.0,2,0.11869436892720793,0.0029853737874336412,-0.12139350800026803,1.265091131889925,0.0,0.06391256239203436,0.050520125215449976,True,0,115.6974874026105,9.0,C,N50
fibonacci_rational,50,2450,0,291,0.0044403076171875,0.01005305780508238,28648,0.7924454853755125,0.9859639993757197,718.9720173368481,1522967.985532541,2041412.2626126907,256,15948.533301661646,65536,100450,0,1781,0.0271759033203125,0.062078177727784026,28448,0.6444541004628894,0.9978839212927141,648.0726185329443,1517797.3802639137,2041412.2626126907,256,15948.533301661646,65536,100450,1781,98669,0.9822697859631657,56.40089837170129,7838,1225,0.7184746277021077,1521.9143861270295,124.61098655963944,37.30017496797293,2118.2576634536945,0.7835970707343506,0.393177456455408,0.7239034991256033,0.2192272738000055,20,1.0,3,0.37537779000179505,0.02167920158308442,-0.18554172065411045,2.5880794459731264,0.49545973309213864,0.13075009767809476,0.050520125215449976,False,92,0.7184746277021077,9.0,C,N50
random,50,2450,0,2314,0.035308837890625,0.04876814039824502,47408,0.9973282453328405,0.9961897863120779,22817.87552017489,1959925.633387479,2041412.2626126907,256,15948.533301661646,65536,100450,0,28216,0.4305419921875,0.5949548637475744,47412,0.9679150794355669,0.9994298334829674,20324.13704352936,1959924.3243251017,2041412.2626126907,256,15948.533301661646,65536,100450,28216,72234,0.7191040318566451,3.5600368585199886,37,1225,22.80208996177086,1958.5697437681304,862.2688751059269,843.8620545750167,85.89430824331436,0.7531560292318398,1.4740819858457608,-2.218171721731034,0.8469870880576036,16,1.0,2,0.11026061713230659,0.0030586503792755133,-0.13146667248125526,1.3183762007965103,0.0,0.06660453074530892,0.050520125215449976,True,0,22.80208996177086,9.0,C,N50
rings,50,2450,0,1375,0.0209808349609375,0.027524048177188586,49484,0.963126823399387,0.9809770136942076,7355.068998429716,2001384.5711889125,2041412.2626126907,256,15948.533301661646,65536,100450,0,19343,0.2951507568359375,0.3895804704550966,49484,0.8923016010364457,0.9993580524680317,6522.142074415988,2001384.5711889125,2041412.2626126907,256,15948.533301661646,65536,100450,19343,81107,0.8074365355898457,5.193093108618105,1394,1225,7.349980712662809,2000.0000000000002,791.1454572597314,813.9775718258443,272.10955758759053,0.6637299260424504,0.443195253796525,0.6822654619733377,0.5150018475585417,14,1.0,2,0.1360703116902793,0.005200288478639965,-0.17049871696418883,1.2652852827565477,0.0,0.06392237091812682,0.050520125215449976,False,17,7.349980712662809,9.0,C,N50
golden,100,9900,0,6739,0.1028289794921875,0.1813334769495907,37136,0.9849731086006542,0.9983931548898757,6124.74141830213,1732329.1941388273,2039100.0349315023,256,15930.469022902362,65536,405900,0,26435,0.4033660888671875,0.7101612903225807,37200,0.9335110889553403,0.9995344545116123,5586.684690384258,1732308.3513668755,2037084.847823583,256,15914.725373621743,65536,405900,26435,379465,0.9348731214584873,15.354643465103083,536,4950,6.120504281357338,1731.1307572534606,596.8567567781847,557.8060626784214,282.84119701155566,0.761916071876976,1.1106384607050062,-0.3890931176181653,0.8939714840507266,20,1.0,2,0.11587410245200651,0.0027174794394260017,-0.11587410245200651,1.4390401002176019,1.0,0.07285492496061496,0.05062744599653501,False,4,6.120504281357338,9.0,D,N100
fibonacci_radial,100,9900,0,275,0.0041961669921875,0.009478672985781991,28696,0.7017379602544646,0.9954582917250612,1022.3198495023894,1522293.133763986,2039100.0349315023,256,15930.469022902362,65536,405900,0,1849,0.0282135009765625,0.06408293904814918,28744,0.5449004970897907,0.9993494691474227,906.3149495252553,1522291.138852503,2037084.847823583,256,15914.725373621743,65536,405900,1849,404051,0.9954446908105444,219.52406706327744,43600,4950,1.021612601815038,1521.2400012254272,75.55176320711452,32.738876660837334,1489.057592401201,0.7627528218957265,-0.14539887054030126,2.2892482030006254,0.052284998489289025,20,1.0,3,0.40305115728977825,0.021260232493822303,-0.17362639734901095,2.625991372345332,0.5925070951634794,0.13294723639078015,0.05062744599653501,False,532,1.021612601815038,9.0,D,N100
fibonacci_golden_angle,100,9900,0,8086,0.123382568359375,0.1682344127195538,48052,0.9920636678652698,0.9991656076485464,90560.06859945401,1972370.5877114881,2039100.0349315023,256,15930.469022902362,65536,405900,0,40762,0.621978759765625,0.8468412302576891,48120,0.9628375690880753,0.9998788115411809,80751.30931740152,1971861.274293695,2037084.847823583,256,15914.725373621743,65536,405900,40762,365138,0.8995762503079576,9.957803836906923,122,4950,90.49741854026311,1971.006088589772,899.2355231799289,875.7641866468032,21.779694055171902,0.8596635525197167,1.8965465315501635,-3.0066619773867984,0.6854791074350497,20,1.0,2,0.07694003186860597,0.0018565417212246852,-0.11994364661514947,1.1435345289899024,0.0,0.05789423261160938,0.05062744599653501,True,0,90.49741854026311,9.0,D,N100
fibonacci_rational,100,9900,0,279,0.0042572021484375,0.00968236277514628,28712,0.699214697469277,0.9926611880174137,2.554750458356362e-08,1522967.9855529123,2039100.0349315023,256,15930.469022902362,65536,405900,0,1899,0.0289764404296875,0.06571627260083449,28760,0.542938049766075,0.999416683928583,2.3025060679940553e-08,1522965.5355718208,2037084.847823583,256,15914.725373621743,65536,405900,1899,404001,0.9953215077605322,213.7440758293839,45322,4950,2.552983064957601e-11,1521.9143861473867,75.53966954844482,32.84793598174672,59613179853688.62,0.3314198833348149,0.1745062906598123,1.713245322130501,0.5579847259432511,20,1.0,3,0.40341959274199723,0.02095689866182768,-0.20325802793905126,2.6271130180559132,0.44010219517846794,0.13300402244841986,0.05062744599653501,False,534,2.552983064957601e-11,9.0,D,N100
random,100,9900,0,8021,0.1223907470703125,0.16901349072512648,47440,0.9919523150306051,0.9978325019166198,2430.096843437047,1958615.0601001983,2039100.0349315023,256,15930.469022902362,65536,405900,0,40121,0.6121978759765625,0.8432139253279516,47568,0.9637178990376891,0.9991797998000393,2160.306940917028,1958540.9699281552,2037084.847823583,256,15914.725373621743,65536,405900,40121,365779,0.9011554570091156,10.116896388425014,202,4950,2.4284156862401116,1957.2600771441869,888.4275608800434,860.8444337124502,805.9823069972796,0.6342240530614407,1.3579057467644624,-1.1328155739754284,0.9513302348230847,17,1.0,2,0.09801908091089032,0.0018807933843847007,-0.09801908091089032,1.154806667740033,0.0,0.05846491220744707,0.05062744599653501,False,2,2.4284156862401116,9.0,D,N100
rings,100,9900,0,4673,0.0713043212890625,0.09360601406515237,49484,0.9415716945974922,0.9997688512325275,3693.2894207752884,1999117.6813053947,2039100.0349315023,256,15930.469022902362,65536,405900,0,37305,0.5692291259765625,0.7483256677156459,49572,0.8648866150294835,0.9999055540942982,3271.3102396699524,1999117.510512134,2037084.847823583,256,15914.725373621743,65536,405900,37305,368595,0.9080931263858093,10.880579010856454,5776,4950,3.690734378532066,1997.7346783660162,791.1854134375516,848.4753039891635,541.2837862259231,0.6529232388762998,0.4883438582366542,1.0996788072068184,0.4949096431530957,16,1.0,2,0.05048494372435545,0.00266498105477696,-0.16469063341077436,1.098065100477366,0.0,0.055592231575097635,0.05062744599653501,False,68,3.690734378532066,9.0,D,N100
