true_cells,qubo_energy
36,-18.0
48,-36.0
48,-28.0
50,-28.0
44,-30.0
46,-32.0
54,-42.0
46,-38.0
48,-40.0
42,-28.0
50,-46.0
40,-22.0
48,-36.0
46,-34.0
46,-32.0
56,-54.0
44,-36.0
50,-40.0
52,-26.0
54,-38.0
48,-40.0
56,-40.0
60,-46.0
46,-34.0
60,-56.0
68,-62.0
49,-39.0
42,-10.0
50,-34.0
52,-28.0
46,-24.0
48,-12.0
58,-42.0
42,-22.0
54,-36.0
46,-26.0
44,-10.0
56,-44.0
54,-30.0
46,-26.0
50,-36.0
60,-44.0
56,-38.0
60,-44.0
54,-40.0
64,-54.0
63,-51.0
52,-44.0
50,-30.0
56,-42.0
42,-16.0
54,-40.0
56,-40.0
56,-50.0
52,-36.0
64,-56.0
64,-54.0
52,-26.0
60,-44.0
74,-70.0
55,-31.0
48,-32.0
52,-42.0
48,-36.0
52,-44.0
62,-56.0
52,-34.0
58,-50.0
66,-64.0
57,-42.0
60,-40.0
56,-46.0
58,-50.0
66,-54.0
61,-55.0
72,-68.0
79,-77.0
46,-36.0
48,-42.0
44,-28.0
42,-30.0
48,-38.0
52,-42.0
48,-34.0
54,-40.0
52,-42.0
54,-42.0
60,-48.0
48,-24.0
44,-28.0
60,-56.0
54,-38.0
44,-14.0
62,-48.0
56,-46.0
56,-38.0
64,-58.0
50,-42.0
50,-42.0
50,-46.0
48,-40.0
54,-46.0
54,-46.0
52,-48.0
50,-46.0
56,-50.0
52,-44.0
48,-38.0
54,-48.0
62,-58.0
50,-38.0
46,-30.0
52,-38.0
54,-44.0
54,-38.0
60,-50.0
56,-46.0
62,-58.0
66,-60.0
61,-53.0
48,-28.0
66,-58.0
64,-60.0
54,-42.0
64,-58.0
68,-60.0
72,-70.0
50,-40.0
58,-40.0
50,-34.0
50,-28.0
62,-54.0
58,-44.0
52,-44.0
58,-48.0
62,-52.0
54,-36.0
62,-46.0
54,-40.0
62,-52.0
64,-52.0
52,-34.0
44,-28.0
52,-40.0
54,-40.0
60,-42.0
64,-46.0
56,-42.0
64,-54.0
69,-61.0
46,-14.0
70,-56.0
58,-50.0
44,-20.0
72,-62.0
64,-46.0
70,-60.0
56,-46.0
56,-50.0
52,-46.0
60,-54.0
64,-54.0
56,-38.0
58,-48.0
70,-66.0
61,-49.0
64,-52.0
62,-48.0
62,-56.0
68,-60.0
60,-50.0
66,-56.0
72,-66.0
56,-42.0
60,-50.0
60,-54.0
60,-48.0
65,-61.0
74,-66.0
81,-81.0
74,-62.0
76,-68.0
44,-40.0
46,-36.0
54,-50.0
44,-36.0
40,-30.0
48,-44.0
60,-58.0
44,-26.0
54,-48.0
54,-44.0
44,-34.0
52,-40.0
60,-54.0
56,-32.0
50,-22.0
44,-20.0
52,-40.0
66,-54.0
50,-30.0
58,-46.0
64,-56.0
50,-40.0
54,-42.0
52,-46.0
68,-64.0
67,-63.0
42,-28.0
46,-38.0
52,-46.0
48,-40.0
38,-32.0
54,-50.0
58,-44.0
56,-48.0
50,-36.0
48,-40.0
64,-58.0
46,-38.0
60,-54.0
48,-40.0
58,-56.0
46,-38.0
52,-48.0
70,-68.0
55,-53.0
44,-22.0
54,-42.0
46,-24.0
46,-28.0
54,-42.0
50,-34.0
56,-48.0
52,-38.0
60,-56.0
52,-48.0
56,-50.0
66,-62.0
57,-48.0
50,-28.0
56,-28.0
60,-44.0
56,-38.0
58,-50.0
54,-38.0
66,-50.0
63,-57.0
58,-46.0
46,-34.0
68,-60.0
66,-64.0
75,-73.0
42,-30.0
58,-56.0
52,-42.0
38,-22.0
42,-26.0
60,-58.0
62,-58.0
56,-46.0
46,-36.0
52,-44.0
68,-68.0
58,-52.0
64,-62.0
70,-66.0
56,-52.0
54,-36.0
50,-40.0
68,-66.0
69,-65.0
52,-42.0
48,-30.0
34,-10.0
42,-18.0
56,-50.0
62,-54.0
62,-58.0
70,-58.0
56,-50.0
54,-38.0
46,-28.0
64,-60.0
67,-54.0
54,-32.0
60,-46.0
70,-62.0
52,-34.0
56,-42.0
50,-36.0
66,-58.0
73,-71.0
62,-56.0
64,-52.0
78,-76.0
66,-60.0
81,-79.0
52,-46.0
56,-52.0
44,-30.0
40,-28.0
56,-54.0
54,-50.0
64,-60.0
54,-48.0
64,-60.0
48,-36.0
46,-38.0
66,-64.0
59,-52.0
60,-56.0
68,-62.0
66,-62.0
68,-66.0
62,-56.0
54,-48.0
72,-70.0
71,-71.0
70,-70.0
52,-42.0
74,-74.0
66,-62.0
81,-81.0
52,-30.0
54,-42.0
60,-48.0
58,-50.0
56,-48.0
48,-22.0
58,-48.0
63,-52.0
66,-64.0
54,-36.0
76,-72.0
68,-66.0
77,-72.0
58,-46.0
60,-52.0
72,-64.0
68,-64.0
75,-71.0
76,-74.0
46,-40.0
54,-52.0
56,-52.0
48,-40.0
54,-50.0
60,-56.0
52,-46.0
54,-46.0
48,-44.0
58,-54.0
62,-62.0
50,-44.0
56,-52.0
64,-64.0
56,-52.0
56,-50.0
52,-46.0
66,-64.0
70,-68.0
52,-36.0
54,-38.0
48,-36.0
54,-46.0
56,-46.0
56,-44.0
62,-58.0
66,-62.0
60,-54.0
60,-56.0
58,-50.0
66,-60.0
65,-55.0
46,-20.0
50,-36.0
70,-66.0
48,-32.0
64,-56.0
62,-58.0
62,-56.0
74,-74.0
50,-38.0
60,-54.0
74,-70.0
66,-62.0
76,-74.0
50,-42.0
58,-56.0
48,-40.0
50,-46.0
58,-54.0
56,-50.0
58,-52.0
54,-50.0
60,-56.0
56,-52.0
54,-46.0
64,-60.0
61,-57.0
56,-52.0
56,-50.0
64,-60.0
60,-58.0
64,-60.0
60,-56.0
66,-64.0
70,-68.0
58,-56.0
50,-44.0
62,-58.0
60,-56.0
72,-68.0
48,-24.0
50,-36.0
60,-52.0
54,-46.0
62,-60.0
56,-46.0
58,-48.0
61,-55.0
56,-50.0
50,-38.0
70,-66.0
68,-64.0
71,-65.0
44,-28.0
60,-56.0
70,-64.0
68,-66.0
72,-70.0
66,-64.0
52,-46.0
56,-44.0
44,-32.0
50,-38.0
62,-60.0
62,-58.0
64,-60.0
68,-64.0
62,-58.0
56,-46.0
46,-36.0
70,-68.0
73,-71.0
60,-44.0
62,-58.0
70,-64.0
62,-54.0
64,-48.0
54,-50.0
68,-68.0
78,-76.0
66,-62.0
62,-54.0
72,-70.0
60,-52.0
78,-76.0
50,-18.0
52,-42.0
62,-56.0
50,-34.0
56,-44.0
46,-30.0
56,-48.0
67,-63.0
64,-60.0
58,-48.0
76,-72.0
66,-62.0
77,-73.0
46,-22.0
64,-48.0
74,-70.0
64,-56.0
78,-78.0
70,-66.0
56,-40.0
56,-50.0
58,-54.0
64,-62.0
60,-56.0
50,-40.0
64,-60.0
67,-67.0
70,-68.0
52,-40.0
68,-64.0
64,-60.0
77,-75.0
68,-62.0
60,-54.0
74,-70.0
72,-70.0
82,-82.0
68,-66.0
52,-30.0
52,-28.0
64,-58.0
66,-62.0
69,-63.0
68,-62.0
70,-64.0
50,-44.0
50,-46.0
46,-32.0
50,-42.0
52,-44.0
54,-48.0
50,-40.0
54,-44.0
56,-48.0
54,-48.0
60,-54.0
48,-32.0
46,-38.0
58,-52.0
54,-48.0
44,-32.0
58,-46.0
58,-54.0
60,-52.0
64,-58.0
50,-40.0
50,-38.0
58,-58.0
46,-34.0
56,-52.0
54,-46.0
56,-50.0
56,-54.0
60,-60.0
56,-50.0
48,-28.0
60,-56.0
68,-68.0
48,-40.0
48,-30.0
54,-42.0
52,-38.0
56,-48.0
62,-54.0
52,-28.0
62,-58.0
70,-68.0
59,-47.0
52,-40.0
64,-54.0
60,-56.0
60,-56.0
70,-64.0
68,-60.0
78,-74.0
48,-36.0
56,-44.0
52,-44.0
48,-34.0
60,-56.0
56,-46.0
52,-44.0
56,-46.0
62,-58.0
56,-52.0
62,-52.0
56,-50.0
68,-66.0
64,-58.0
52,-38.0
44,-34.0
52,-40.0
56,-48.0
58,-52.0
64,-52.0
58,-54.0
66,-62.0
69,-67.0
46,-30.0
64,-52.0
52,-40.0
48,-38.0
68,-62.0
64,-60.0
74,-72.0
52,-40.0
54,-44.0
50,-36.0
58,-52.0
66,-62.0
52,-28.0
58,-50.0
72,-72.0
55,-41.0
66,-56.0
64,-56.0
60,-50.0
72,-66.0
66,-64.0
70,-64.0
76,-74.0
56,-46.0
58,-42.0
56,-42.0
62,-54.0
65,-59.0
74,-64.0
81,-79.0
70,-60.0
72,-68.0
50,-46.0
58,-56.0
62,-62.0
52,-46.0
54,-50.0
66,-66.0
54,-48.0
62,-60.0
50,-48.0
54,-50.0
66,-64.0
52,-48.0
54,-52.0
60,-54.0
62,-60.0
58,-54.0
50,-42.0
66,-64.0
66,-64.0
56,-44.0
62,-56.0
54,-48.0
58,-52.0
60,-58.0
60,-52.0
62,-54.0
66,-60.0
64,-56.0
62,-60.0
60,-54.0
68,-60.0
67,-63.0
52,-40.0
52,-46.0
68,-58.0
58,-50.0
66,-58.0
60,-52.0
66,-62.0
74,-68.0
54,-50.0
60,-52.0
68,-64.0
66,-62.0
74,-70.0
50,-42.0
64,-62.0
54,-50.0
44,-34.0
60,-58.0
56,-50.0
64,-62.0
48,-30.0
72,-72.0
54,-48.0
52,-46.0
74,-74.0
57,-49.0
56,-52.0
60,-58.0
62,-56.0
66,-64.0
68,-66.0
56,-54.0
68,-68.0
70,-68.0
60,-56.0
46,-30.0
60,-52.0
64,-60.0
70,-66.0
56,-36.0
58,-52.0
58,-46.0
66,-62.0
64,-60.0
56,-50.0
66,-64.0
63,-57.0
62,-58.0
48,-26.0
68,-62.0
68,-66.0
73,-69.0
56,-44.0
62,-54.0
70,-66.0
70,-64.0
74,-70.0
68,-60.0
52,-44.0
58,-52.0
46,-40.0
50,-36.0
64,-60.0
62,-58.0
62,-60.0
68,-60.0
66,-64.0
58,-52.0
48,-42.0
72,-70.0
73,-71.0
58,-52.0
60,-58.0
66,-56.0
66,-64.0
64,-56.0
48,-40.0
70,-68.0
74,-70.0
66,-66.0
62,-56.0
68,-64.0
64,-58.0
74,-72.0
54,-32.0
52,-46.0
62,-54.0
56,-50.0
60,-54.0
48,-36.0
60,-56.0
69,-67.0
64,-60.0
62,-52.0
74,-70.0
70,-68.0
79,-77.0
50,-42.0
60,-52.0
66,-58.0
62,-54.0
72,-68.0
70,-70.0
52,-38.0
58,-56.0
54,-42.0
70,-68.0
60,-54.0
46,-34.0
66,-62.0
61,-55.0
72,-72.0
48,-30.0
68,-60.0
68,-66.0
73,-71.0
68,-64.0
62,-60.0
70,-68.0
72,-70.0
76,-76.0
68,-66.0
60,-42.0
52,-28.0
62,-56.0
68,-62.0
67,-61.0
68,-60.0
68,-64.0
38,-26.0
46,-42.0
44,-34.0
48,-44.0
46,-32.0
44,-38.0
54,-46.0
56,-50.0
34,-26.0
38,-26.0
40,-32.0
42,-32.0
48,-44.0
36,-24.0
46,-38.0
38,-18.0
38,-16.0
48,-38.0
50,-46.0
40,-22.0
50,-44.0
46,-32.0
52,-44.0
46,-40.0
50,-44.0
56,-50.0
38,-12.0
56,-54.0
46,-34.0
62,-58.0
46,-30.0
60,-58.0
68,-66.0
51,-41.0
38,-22.0
42,-18.0
48,-36.0
44,-28.0
42,-22.0
44,-18.0
48,-36.0
40,-24.0
52,-44.0
52,-44.0
44,-30.0
44,-28.0
56,-52.0
52,-42.0
50,-38.0
42,-30.0
52,-40.0
56,-46.0
48,-40.0
56,-50.0
62,-56.0
58,-54.0
54,-38.0
58,-48.0
62,-60.0
63,-55.0
40,-22.0
44,-32.0
48,-40.0
50,-44.0
34,-16.0
48,-44.0
52,-40.0
56,-48.0
48,-36.0
48,-34.0
56,-48.0
42,-28.0
64,-60.0
44,-32.0
64,-60.0
44,-24.0
54,-44.0
66,-62.0
47,-29.0
44,-26.0
54,-42.0
46,-34.0
44,-22.0
52,-44.0
46,-20.0
60,-52.0
50,-34.0
62,-58.0
48,-28.0
56,-48.0
64,-62.0
53,-42.0
46,-32.0
60,-56.0
60,-56.0
60,-56.0
62,-56.0
60,-52.0
64,-64.0
65,-63.0
58,-50.0
48,-26.0
74,-74.0
72,-66.0
77,-75.0
46,-38.0
44,-34.0
48,-40.0
52,-38.0
46,-34.0
54,-38.0
56,-46.0
48,-36.0
54,-44.0
58,-48.0
54,-48.0
54,-44.0
62,-54.0
50,-38.0
52,-42.0
46,-40.0
60,-56.0
58,-50.0
44,-30.0
52,-44.0
62,-58.0
56,-52.0
56,-44.0
60,-54.0
66,-62.0
68,-60.0
38,-26.0
44,-36.0
54,-48.0
52,-50.0
40,-32.0
56,-54.0
50,-44.0
58,-56.0
48,-42.0
52,-48.0
58,-58.0
48,-36.0
60,-58.0
48,-40.0
68,-64.0
50,-38.0
58,-50.0
70,-68.0
54,-42.0
46,-18.0
56,-40.0
50,-38.0
48,-28.0
58,-46.0
48,-22.0
62,-54.0
54,-36.0
66,-60.0
54,-34.0
62,-56.0
74,-72.0
61,-49.0
46,-30.0
54,-46.0
64,-58.0
58,-52.0
64,-60.0
62,-62.0
66,-66.0
70,-68.0
56,-48.0
48,-32.0
72,-72.0
72,-68.0
80,-78.0
48,-26.0
52,-44.0
56,-46.0
50,-32.0
50,-28.0
62,-52.0
50,-36.0
60,-44.0
46,-24.0
54,-28.0
54,-40.0
56,-48.0
54,-40.0
58,-40.0
66,-52.0
54,-30.0
52,-24.0
62,-50.0
58,-38.0
50,-40.0
54,-42.0
46,-30.0
52,-34.0
56,-44.0
60,-54.0
58,-52.0
64,-60.0
64,-60.0
58,-48.0
58,-46.0
68,-62.0
69,-63.0
48,-38.0
50,-38.0
66,-58.0
52,-40.0
64,-54.0
58,-44.0
56,-46.0
70,-62.0
54,-48.0
60,-56.0
68,-60.0
70,-62.0
76,-70.0
48,-40.0
62,-54.0
50,-40.0
50,-34.0
60,-54.0
58,-50.0
66,-64.0
52,-46.0
72,-70.0
52,-42.0
58,-50.0
74,-72.0
57,-51.0
56,-54.0
60,-56.0
60,-52.0
66,-62.0
66,-60.0
56,-46.0
66,-64.0
66,-58.0
70,-68.0
50,-40.0
68,-60.0
68,-60.0
72,-62.0
48,-20.0
56,-50.0
56,-48.0
62,-52.0
60,-48.0
56,-44.0
66,-60.0
65,-59.0
66,-58.0
54,-32.0
78,-78.0
74,-70.0
83,-83.0
54,-44.0
60,-56.0
76,-74.0
74,-72.0
82,-82.0
74,-74.0
46,-44.0
48,-46.0
52,-50.0
44,-34.0
46,-40.0
52,-52.0
58,-54.0
48,-42.0
56,-52.0
58,-52.0
52,-44.0
56,-50.0
62,-58.0
60,-54.0
54,-42.0
50,-46.0
60,-60.0
66,-58.0
52,-38.0
60,-54.0
66,-62.0
56,-52.0
56,-50.0
64,-62.0
70,-68.0
69,-67.0
42,-36.0
42,-32.0
50,-42.0
52,-52.0
38,-28.0
50,-48.0
56,-54.0
56,-50.0
54,-48.0
52,-52.0
62,-60.0
40,-18.0
60,-58.0
40,-26.0
60,-54.0
42,-28.0
56,-54.0
68,-66.0
45,-33.0
46,-34.0
58,-50.0
52,-46.0
46,-30.0
56,-52.0
48,-28.0
60,-56.0
48,-26.0
66,-62.0
52,-38.0
62,-56.0
70,-70.0
55,-42.0
52,-38.0
62,-58.0
60,-56.0
60,-50.0
62,-58.0
62,-60.0
70,-68.0
65,-63.0
60,-46.0
44,-18.0
68,-64.0
70,-66.0
75,-73.0
48,-40.0
50,-44.0
56,-44.0
46,-32.0
50,-46.0
58,-56.0
58,-56.0
58,-48.0
50,-40.0
62,-56.0
62,-58.0
56,-52.0
60,-54.0
64,-60.0
60,-54.0
54,-40.0
58,-52.0
66,-64.0
65,-59.0
52,-48.0
56,-48.0
46,-38.0
54,-46.0
58,-52.0
62,-58.0
56,-48.0
64,-60.0
64,-58.0
60,-52.0
58,-54.0
64,-60.0
69,-66.0
56,-52.0
62,-58.0
72,-70.0
56,-48.0
62,-56.0
64,-60.0
66,-62.0
73,-71.0
64,-62.0
66,-58.0
76,-74.0
72,-70.0
83,-83.0
50,-44.0
60,-56.0
50,-46.0
50,-44.0
58,-58.0
48,-38.0
60,-56.0
48,-34.0
68,-64.0
52,-36.0
58,-56.0
68,-68.0
55,-44.0
58,-56.0
70,-66.0
66,-62.0
66,-58.0
68,-60.0
62,-58.0
74,-70.0
71,-65.0
66,-64.0
46,-26.0
70,-66.0
68,-60.0
75,-69.0
52,-32.0
58,-56.0
56,-46.0
64,-58.0
60,-50.0
60,-48.0
66,-64.0
63,-56.0
62,-58.0
46,-20.0
72,-68.0
72,-68.0
79,-76.0
62,-54.0
60,-52.0
76,-76.0
70,-66.0
79,-79.0
72,-66.0
50,-44.0
56,-56.0
60,-56.0
54,-52.0
58,-54.0
64,-60.0
56,-50.0
58,-52.0
50,-44.0
62,-62.0
60,-56.0
52,-40.0
54,-52.0
62,-60.0
62,-60.0
60,-56.0
60,-56.0
68,-68.0
66,-64.0
56,-46.0
58,-48.0
52,-46.0
56,-44.0
56,-44.0
60,-52.0
64,-62.0
66,-60.0
68,-64.0
62,-56.0
60,-56.0
70,-66.0
69,-57.0
50,-34.0
52,-44.0
72,-70.0
52,-42.0
70,-68.0
66,-66.0
60,-56.0
76,-72.0
52,-42.0
62,-54.0
70,-68.0
74,-74.0
82,-80.0
50,-44.0
58,-50.0
48,-40.0
52,-42.0
58,-54.0
52,-40.0
64,-64.0
52,-42.0
68,-62.0
56,-46.0
62,-56.0
74,-72.0
57,-49.0
52,-40.0
54,-48.0
64,-62.0
54,-42.0
68,-66.0
62,-58.0
62,-58.0
68,-66.0
56,-44.0
44,-26.0
62,-58.0
66,-62.0
70,-66.0
48,-18.0
56,-46.0
56,-42.0
58,-38.0
58,-44.0
56,-42.0
62,-54.0
61,-47.0
60,-50.0
48,-20.0
74,-68.0
70,-62.0
79,-71.0
44,-20.0
58,-50.0
72,-70.0
70,-64.0
78,-76.0
66,-58.0
56,-54.0
62,-58.0
52,-46.0
62,-58.0
62,-58.0
66,-66.0
62,-60.0
70,-66.0
72,-70.0
62,-58.0
62,-58.0
74,-72.0
71,-71.0
62,-60.0
60,-54.0
68,-68.0
60,-54.0
72,-64.0
60,-56.0
62,-58.0
72,-68.0
68,-68.0
64,-60.0
68,-64.0
70,-64.0
74,-72.0
58,-44.0
58,-58.0
70,-68.0
60,-54.0
66,-62.0
62,-58.0
60,-56.0
71,-67.0
70,-70.0
68,-58.0
76,-76.0
78,-78.0
83,-83.0
48,-40.0
68,-68.0
76,-76.0
72,-70.0
80,-80.0
74,-74.0
60,-46.0
60,-60.0
64,-62.0
66,-60.0
70,-66.0
60,-58.0
68,-66.0
69,-69.0
74,-74.0
54,-38.0
76,-74.0
76,-74.0
81,-81.0
62,-56.0
66,-64.0
74,-74.0
72,-70.0
78,-78.0
70,-68.0
60,-36.0
56,-28.0
74,-72.0
72,-64.0
79,-75.0
74,-64.0
72,-68.0
42,-28.0
52,-40.0
50,-38.0
50,-42.0
48,-40.0
54,-42.0
56,-42.0
44,-40.0
46,-40.0
44,-38.0
52,-50.0
42,-34.0
50,-40.0
48,-38.0
50,-34.0
56,-52.0
46,-38.0
54,-44.0
54,-40.0
56,-52.0
54,-52.0
62,-54.0
62,-58.0
52,-44.0
62,-60.0
70,-66.0
55,-45.0
42,-14.0
46,-26.0
50,-32.0
50,-32.0
46,-22.0
54,-40.0
44,-24.0
56,-40.0
52,-30.0
46,-20.0
58,-42.0
54,-38.0
46,-38.0
52,-40.0
62,-50.0
58,-52.0
64,-56.0
62,-52.0
68,-64.0
65,-55.0
48,-34.0
48,-34.0
58,-50.0
40,-24.0
52,-38.0
54,-36.0
56,-52.0
52,-42.0
62,-54.0
64,-60.0
52,-42.0
60,-54.0
74,-72.0
53,-37.0
50,-30.0
54,-44.0
48,-28.0
54,-44.0
66,-60.0
56,-38.0
62,-52.0
70,-64.0
59,-40.0
64,-56.0
64,-58.0
64,-58.0
72,-72.0
69,-67.0
80,-80.0
85,-83.0
50,-42.0
48,-44.0
48,-42.0
48,-42.0
52,-44.0
54,-48.0
52,-44.0
54,-46.0
56,-48.0
58,-52.0
62,-54.0
50,-36.0
48,-40.0
58,-54.0
58,-48.0
48,-36.0
60,-54.0
58,-52.0
60,-52.0
66,-58.0
48,-40.0
50,-42.0
52,-48.0
48,-44.0
58,-52.0
54,-50.0
58,-52.0
54,-52.0
62,-62.0
58,-54.0
52,-48.0
58,-50.0
68,-66.0
54,-46.0
50,-30.0
56,-42.0
56,-42.0
60,-54.0
62,-52.0
58,-44.0
64,-58.0
70,-68.0
65,-61.0
52,-44.0
66,-62.0
64,-60.0
66,-64.0
72,-72.0
70,-66.0
78,-76.0
50,-38.0
58,-46.0
54,-42.0
48,-34.0
60,-52.0
54,-46.0
54,-46.0
56,-40.0
62,-54.0
58,-50.0
62,-54.0
54,-42.0
66,-62.0
60,-48.0
54,-44.0
48,-36.0
52,-38.0
58,-50.0
62,-56.0
66,-58.0
60,-52.0
68,-64.0
69,-65.0
50,-36.0
66,-60.0
56,-46.0
56,-44.0
72,-64.0
68,-62.0
74,-70.0
56,-46.0
60,-54.0
52,-42.0
60,-56.0
68,-66.0
58,-50.0
60,-56.0
74,-72.0
59,-49.0
68,-64.0
66,-62.0
60,-58.0
76,-76.0
68,-62.0
72,-70.0
76,-70.0
60,-52.0
62,-48.0
58,-46.0
66,-62.0
67,-61.0
80,-76.0
87,-85.0
76,-74.0
82,-82.0
44,-40.0
46,-40.0
54,-54.0
50,-44.0
46,-38.0
50,-46.0
60,-56.0
50,-42.0
56,-44.0
58,-46.0
48,-34.0
52,-40.0
62,-54.0
60,-54.0
60,-48.0
48,-42.0
56,-50.0
70,-64.0
48,-34.0
58,-54.0
62,-54.0
58,-52.0
54,-42.0
56,-50.0
70,-66.0
69,-61.0
34,-16.0
44,-34.0
52,-48.0
48,-44.0
34,-20.0
54,-50.0
54,-48.0
56,-50.0
48,-42.0
44,-36.0
62,-54.0
48,-38.0
64,-64.0
48,-42.0
68,-68.0
48,-46.0
54,-50.0
74,-72.0
55,-53.0
50,-32.0
60,-52.0
50,-38.0
42,-20.0
60,-54.0
52,-28.0
64,-54.0
52,-28.0
68,-66.0
52,-44.0
56,-48.0
74,-72.0
59,-50.0
54,-42.0
64,-60.0
64,-58.0
66,-64.0
62,-60.0
58,-50.0
74,-72.0
71,-69.0
62,-54.0
48,-28.0
72,-68.0
72,-72.0
81,-81.0
40,-24.0
54,-52.0
54,-44.0
40,-22.0
40,-22.0
56,-52.0
60,-56.0
58,-52.0
44,-32.0
48,-34.0
64,-58.0
54,-44.0
60,-56.0
66,-62.0
62,-56.0
56,-44.0
48,-34.0
66,-60.0
63,-57.0
56,-50.0
56,-46.0
36,-12.0
40,-10.0
58,-52.0
60,-44.0
58,-48.0
64,-50.0
62,-50.0
56,-40.0
44,-20.0
62,-52.0
63,-48.0
56,-48.0
62,-58.0
72,-66.0
58,-56.0
62,-56.0
48,-30.0
66,-64.0
73,-69.0
58,-50.0
58,-46.0
72,-68.0
70,-64.0
77,-73.0
46,-34.0
50,-34.0
40,-20.0
34,4.0
46,-32.0
50,-32.0
64,-62.0
52,-40.0
66,-62.0
48,-34.0
44,-30.0
64,-60.0
51,-36.0
52,-36.0
66,-62.0
66,-60.0
64,-60.0
62,-54.0
48,-34.0
66,-60.0
65,-57.0
62,-52.0
52,-36.0
74,-72.0
70,-66.0
75,-71.0
50,-14.0
56,-46.0
54,-32.0
60,-48.0
52,-30.0
38,2.0
56,-44.0
53,-30.0
62,-46.0
50,-14.0
72,-62.0
68,-60.0
71,-60.0
58,-44.0
60,-46.0
74,-68.0
70,-64.0
73,-67.0
70,-60.0
50,-46.0
52,-48.0
60,-54.0
50,-44.0
56,-52.0
62,-58.0
60,-52.0
62,-60.0
52,-48.0
54,-50.0
66,-62.0
58,-54.0
58,-56.0
64,-60.0
64,-62.0
58,-50.0
54,-44.0
68,-66.0
70,-64.0
58,-46.0
66,-58.0
56,-46.0
60,-50.0
68,-60.0
60,-42.0
60,-52.0
66,-54.0
66,-56.0
64,-52.0
62,-52.0
72,-62.0
71,-61.0
56,-46.0
58,-50.0
72,-64.0
60,-54.0
66,-58.0
62,-52.0
70,-64.0
80,-72.0
56,-50.0
58,-46.0
68,-64.0
64,-58.0
78,-72.0
48,-40.0
60,-56.0
50,-44.0
46,-36.0
60,-58.0
56,-48.0
60,-58.0
52,-46.0
66,-66.0
56,-54.0
54,-50.0
72,-72.0
63,-63.0
60,-60.0
62,-62.0
66,-66.0
68,-68.0
66,-66.0
58,-54.0
72,-72.0
74,-74.0
66,-66.0
56,-50.0
68,-64.0
68,-64.0
78,-74.0
56,-28.0
58,-48.0
60,-46.0
64,-58.0
62,-54.0
54,-42.0
70,-66.0
67,-63.0
64,-52.0
52,-26.0
72,-66.0
70,-66.0
81,-79.0
58,-48.0
64,-58.0
74,-72.0
70,-68.0
82,-80.0
68,-64.0
60,-56.0
66,-60.0
48,-34.0
50,-32.0
66,-62.0
66,-64.0
66,-62.0
72,-68.0
70,-66.0
62,-56.0
50,-36.0
72,-68.0
73,-69.0
66,-66.0
66,-62.0
70,-66.0
72,-68.0
68,-60.0
48,-32.0
70,-66.0
72,-68.0
72,-68.0
68,-64.0
72,-64.0
68,-56.0
74,-66.0
62,-44.0
58,-50.0
68,-58.0
62,-52.0
66,-54.0
44,-16.0
62,-52.0
71,-61.0
68,-62.0
66,-52.0
76,-68.0
74,-66.0
79,-71.0
56,-50.0
70,-66.0
74,-64.0
68,-60.0
76,-68.0
72,-68.0
58,-38.0
66,-60.0
64,-54.0
72,-64.0
64,-52.0
46,-26.0
68,-60.0
65,-55.0
72,-70.0
60,-46.0
76,-74.0
72,-70.0
77,-75.0
68,-66.0
70,-68.0
78,-76.0
74,-72.0
78,-76.0
74,-72.0
58,-32.0
56,-20.0
64,-52.0
64,-50.0
65,-51.0
70,-58.0
70,-66.0
46,-22.0
52,-44.0
52,-38.0
46,-32.0
50,-38.0
54,-38.0
52,-40.0
56,-42.0
48,-32.0
54,-42.0
56,-38.0
60,-52.0
54,-52.0
60,-56.0
66,-56.0
60,-54.0
64,-58.0
60,-58.0
64,-58.0
67,-59.0
50,-44.0
50,-34.0
54,-48.0
44,-36.0
50,-34.0
60,-54.0
60,-60.0
54,-52.0
64,-58.0
66,-62.0
48,-36.0
60,-56.0
68,-64.0
49,-33.0
52,-38.0
58,-52.0
50,-40.0
54,-48.0
66,-62.0
56,-36.0
64,-62.0
66,-62.0
59,-46.0
68,-66.0
66,-60.0
66,-66.0
74,-72.0
69,-65.0
78,-76.0
81,-79.0
52,-26.0
46,-8.0
46,-4.0
46,-14.0
52,-20.0
56,-40.0
54,-42.0
60,-44.0
66,-56.0
56,-36.0
62,-42.0
58,-36.0
66,-50.0
63,-41.0
54,-34.0
50,-34.0
54,-36.0
58,-46.0
54,-34.0
60,-36.0
56,-38.0
60,-42.0
65,-46.0
60,-54.0
70,-62.0
62,-58.0
68,-64.0
75,-71.0
72,-68.0
79,-75.0
50,-32.0
58,-52.0
52,-42.0
58,-48.0
62,-46.0
50,-24.0
60,-50.0
66,-54.0
53,-28.0
68,-64.0
64,-56.0
66,-62.0
78,-78.0
69,-61.0
76,-68.0
77,-69.0
60,-54.0
56,-36.0
62,-50.0
66,-64.0
63,-52.0
76,-66.0
81,-74.0
78,-78.0
85,-85.0
54,-50.0
58,-50.0
50,-44.0
58,-52.0
62,-52.0
60,-58.0
56,-56.0
62,-60.0
64,-64.0
56,-54.0
64,-62.0
60,-54.0
66,-64.0
66,-62.0
58,-52.0
56,-50.0
62,-54.0
64,-56.0
64,-60.0
68,-60.0
62,-60.0
70,-62.0
73,-69.0
54,-48.0
72,-72.0
66,-66.0
62,-56.0
78,-78.0
70,-68.0
80,-78.0
56,-52.0
54,-48.0
56,-50.0
62,-58.0
66,-64.0
58,-50.0
62,-58.0
70,-66.0
63,-55.0
62,-62.0
70,-70.0
64,-62.0
68,-68.0
68,-68.0
70,-68.0
72,-70.0
58,-50.0
62,-48.0
60,-48.0
66,-58.0
69,-63.0
78,-72.0
85,-83.0
76,-76.0
82,-82.0
60,-50.0
56,-50.0
60,-52.0
64,-60.0
60,-46.0
64,-46.0
56,-44.0
66,-56.0
67,-53.0
64,-60.0
72,-68.0
62,-56.0
68,-64.0
74,-66.0
68,-60.0
70,-60.0
60,-56.0
70,-60.0
60,-56.0
62,-58.0
75,-73.0
72,-64.0
79,-77.0
74,-72.0
76,-74.0
66,-64.0
64,-56.0
64,-60.0
72,-70.0
67,-63.0
74,-68.0
77,-73.0
82,-82.0
80,-80.0
74,-66.0
81,-77.0
52,-50.0
56,-56.0
54,-42.0
42,-28.0
50,-48.0
60,-58.0
62,-60.0
58,-52.0
50,-44.0
54,-50.0
68,-68.0
56,-54.0
62,-56.0
64,-62.0
52,-46.0
54,-44.0
48,-38.0
68,-64.0
69,-69.0
60,-58.0
64,-56.0
50,-44.0
58,-54.0
68,-64.0
62,-56.0
62,-54.0
72,-66.0
56,-44.0
64,-58.0
56,-50.0
66,-56.0
75,-70.0
60,-54.0
62,-58.0
70,-68.0
58,-52.0
66,-60.0
58,-54.0
72,-70.0
79,-79.0
62,-60.0
62,-58.0
74,-72.0
66,-64.0
83,-83.0
54,-52.0
62,-58.0
54,-52.0
42,-34.0
62,-60.0
54,-50.0
64,-64.0
48,-38.0
64,-62.0
52,-46.0
50,-46.0
70,-70.0
57,-52.0
60,-60.0
68,-68.0
62,-60.0
66,-66.0
64,-62.0
54,-52.0
74,-74.0
69,-69.0
66,-66.0
46,-38.0
64,-60.0
66,-62.0
75,-73.0
60,-42.0
62,-60.0
60,-48.0
66,-64.0
64,-60.0
58,-46.0
70,-68.0
67,-60.0
68,-64.0
54,-34.0
76,-70.0
74,-74.0
83,-80.0
64,-56.0
62,-58.0
72,-70.0
72,-72.0
79,-79.0
72,-70.0
58,-58.0
62,-52.0
46,-36.0
50,-42.0
64,-64.0
60,-50.0
58,-48.0
68,-64.0
58,-40.0
54,-38.0
46,-30.0
62,-52.0
67,-62.0
64,-62.0
70,-66.0
76,-72.0
66,-62.0
66,-54.0
52,-42.0
74,-72.0
77,-75.0
66,-62.0
64,-54.0
74,-68.0
62,-46.0
75,-69.0
64,-46.0
60,-56.0
72,-64.0
60,-54.0
62,-54.0
50,-32.0
64,-58.0
73,-66.0
66,-58.0
66,-48.0
76,-70.0
68,-60.0
77,-70.0
64,-62.0
70,-64.0
80,-76.0
70,-66.0
83,-81.0
76,-74.0
54,-36.0
64,-64.0
58,-50.0
68,-66.0
56,-46.0
48,-34.0
64,-62.0
57,-48.0
68,-64.0
50,-26.0
72,-68.0
66,-60.0
71,-66.0
70,-68.0
64,-58.0
78,-78.0
72,-70.0
77,-77.0
70,-66.0
64,-42.0
52,-16.0
70,-56.0
68,-56.0
69,-52.0
70,-56.0
72,-66.0
60,-56.0
66,-66.0
56,-56.0
62,-62.0
68,-66.0
64,-64.0
64,-64.0
72,-72.0
62,-60.0
66,-64.0
58,-54.0
70,-68.0
77,-77.0
60,-56.0
54,-50.0
64,-60.0
62,-60.0
66,-62.0
52,-48.0
66,-64.0
72,-72.0
66,-66.0
64,-62.0
66,-62.0
64,-56.0
76,-72.0
62,-44.0
62,-56.0
72,-68.0
64,-58.0
72,-72.0
64,-60.0
68,-60.0
75,-73.0
68,-64.0
66,-58.0
80,-80.0
74,-72.0
81,-79.0
54,-40.0
66,-64.0
70,-68.0
70,-68.0
80,-78.0
74,-74.0
62,-48.0
62,-60.0
64,-62.0
66,-64.0
70,-70.0
60,-56.0
70,-68.0
73,-73.0
68,-68.0
56,-46.0
72,-70.0
70,-68.0
81,-79.0
58,-50.0
64,-64.0
68,-66.0
70,-68.0
78,-76.0
64,-62.0
56,-28.0
56,-30.0
68,-62.0
66,-62.0
71,-67.0
66,-58.0
66,-58.0
64,-52.0
64,-64.0
70,-70.0
70,-70.0
68,-64.0
54,-48.0
72,-70.0
77,-77.0
72,-72.0
64,-54.0
76,-74.0
66,-60.0
79,-77.0
68,-66.0
68,-64.0
70,-68.0
68,-60.0
74,-72.0
72,-66.0
64,-46.0
64,-42.0
72,-70.0
70,-68.0
75,-71.0
74,-68.0
70,-68.0
70,-52.0
58,-34.0
72,-70.0
72,-70.0
75,-71.0
70,-62.0
74,-72.0
60,-30.0
